date,txVolume(USD),txCount,marketcap(USD),price(USD),exchangeVolume(USD),generatedCoins,fees,activeAddresses
2016-02-13,55766.8394096,682,0.0,1.31,37094.0,6900.5168534,34.22315,null,
2016-02-14,62300.5775861,431,0.0,1.13,15138.0,5022.5280895,31.609,null,
2016-02-15,56638.8721944,485,0.0,1.18,45922.0,5044.36516815,29.7499,null,
2016-02-16,55868.088123,785,0.0,1.36,59303.0,8232.57865105,41.03195,null,
2016-02-17,43340.1301545,731,0.0,1.48,41295.0,7206.2359545,40.5675,null,
2016-02-18,34331.7881543,550,0.0,1.58,31431.0,5481.10674115,28.04275,null,
2016-02-19,24622.932871,518,0.0,1.43,18000.0,5743.15168495,27.55795,null,
2016-02-20,110999.092995,531,0.0,1.45,23922.0,6551.123595,38.2592,null,
2016-02-21,38117.9714951,565,0.0,1.55,27627.0,7031.5393253,29.8973,null,
2016-02-22,213110.122187,489,0.0,1.66,61298.0,6451.29694903,40.18555,null,
2016-02-23,533631.727134,694,1629160.0,1.74,90550.0,7543.15088131,38.5438,null,
2016-02-24,260782.065593,801,1804250.0,1.91,133621.0,10962.213481,44.29875,null,
2016-02-25,688633.817713,756,2554480.0,2.67,138725.0,8422.87319269,49.64435,null,
2016-02-26,625319.673364,596,2339830.0,2.43,48829.0,7574.34670807,37.54515,null,
2016-02-27,345223.22616,594,2361910.0,2.43,46765.0,8216.98073689,36.4492999999,null,
2016-02-28,136575.782478,658,2121660.0,2.17,29047.0,9545.9229517,36.459895,null,
2016-02-29,87532.164985,579,2211740.0,2.24,39208.0,7816.00626054,34.60783,null,
2016-03-01,322542.338608,667,2056790.0,2.06,69219.0,9142.5392929,45.2159499999,null,
2016-03-02,316542.899955,614,1708010.0,1.7,40583.0,7950.30274991,37.38025,null,
2016-03-03,5384553.23083,712,1719390.0,1.7,37621.0,9618.1984317,47.3013500001,null,
2016-03-04,1192530.89105,502,1764430.0,1.72,17233.0,7610.54622213,26.0445,null,
2016-03-05,55177.3229366,634,1791290.0,1.74,27323.0,8913.9758105,40.6385,null,
2016-03-06,477192.27484,618,1778700.0,1.71,37126.0,8574.21928272,41.6384956,null,
2016-03-07,241474.081656,580,2143660.0,2.04,34234.0,8864.55667923,31.66005,null,
2016-03-08,653389.405134,591,2292010.0,2.17,29222.0,8703.94450246,24.19295,null,
2016-03-09,971038.415275,647,2460340.0,2.31,82286.0,7907.06101006,34.37125,null,
2016-03-10,859272.410322,585,2663650.0,2.48,35050.0,9673.79495453,18.01185,null,
2016-03-11,2335043.91724,547,2517010.0,2.32,51701.0,8425.96188885,14.7154,null,
2016-03-12,344743.914188,580,2505580.0,2.29,51006.0,7968.83492418,21.394917,null,
2016-03-13,42793.1439375,472,2512840.0,2.28,22474.0,8320.94623479,12.5691,null,
2016-03-14,1102341.39458,542,2642520.0,2.38,48534.0,8839.84711359,28.1005999999,null,
2016-03-15,316185.57974,600,2709920.0,2.43,41795.0,9426.69929789,20.3519,null,
2016-03-16,269896.564486,540,2727830.0,2.42,38186.0,7622.90100494,19.12215,null,
2016-03-17,159298.581099,521,2979350.0,2.63,23704.0,8493.91319435,15.14104,null,
2016-03-18,390002.748587,561,2868020.0,2.51,20667.0,9964.13235089,17.000652,null,
2016-03-19,238180.745224,518,2804530.0,2.43,21945.0,8846.02450497,28.52351,null,
2016-03-20,129559.800628,481,2676350.0,2.31,20628.0,8438.31667156,23.811858,null,
2016-03-21,174394.601986,536,2551440.0,2.18,14562.0,7827.06073268,27.71284,null,
2016-03-22,600639.385646,551,2582630.0,2.19,19899.0,8740.09141541,31.182932,null,
2016-03-23,141490.901257,591,2530960.0,2.13,15242.0,9847.12888651,31.294818,null,
2016-03-24,278699.852861,392,2442810.0,2.04,17730.0,7333.35871733,23.990302,null,
2016-03-25,196162.381216,530,2311280.0,1.92,14750.0,8801.2537066,30.956554,null,
2016-03-26,258700.000978,594,2487230.0,2.05,25084.0,9211.0410578,36.14057101,null,
2016-03-27,312286.219882,512,2821080.0,2.31,25734.0,8929.69451817,38.71193201,null,
2016-03-28,128495.461563,483,2552280.0,2.07,17492.0,8519.90716699,29.359442,null,
2016-03-29,355924.897488,516,2549430.0,2.06,17297.0,8238.5606274,30.13363601,null,
2016-03-30,104664.066306,533,2593780.0,2.08,10261.0,9357.83055674,35.80693602,null,
2016-03-31,207381.26508,499,2717130.0,2.16,18322.0,8232.44439829,32.756749,null,
2016-04-01,98156.5305956,439,2493460.0,1.97,10215.0,8348.65275161,23.81899,null,
2016-04-02,213270.681315,436,2464570.0,1.93,11825.0,9333.36564023,21.453942,null,
2016-04-03,49218.1650624,454,2513210.0,1.96,11890.0,8550.48831262,16.569392,null,
2016-04-04,581360.025682,502,2527700.0,1.96,14314.0,7951.09785874,20.24306901,null,
2016-04-05,96438.5671985,486,2447100.0,1.88,25092.0,8697.27781157,20.71009,null,
2016-04-06,108162.645314,384,2287820.0,1.75,14643.0,7810.42458886,13.94518256,null,
2016-04-07,83904.5166945,543,2301380.0,1.75,13286.0,9565.78234687,20.42683236,null,
2016-04-08,59198.0668232,545,2312480.0,1.74,12918.0,9039.78664236,22.93355457,null,
2016-04-09,57400.7617413,459,2351500.0,1.76,18126.0,7841.00573447,12.12511738,null,
2016-04-10,61681.187164,503,2160940.0,1.61,20144.0,8428.16373016,13.28816422,null,
2016-04-11,102441.936996,539,1989440.0,1.47,13226.0,8554.12171605,17.65731992,null,
2016-04-12,30339.2926169,558,1994280.0,1.47,17348.0,9022.95187302,13.75822489,null,
2016-04-13,67923.6202652,608,2158110.0,1.58,9428.0,8320.49387482,24.74929446,null,
2016-04-14,67472.8695117,622,2113850.0,1.54,7486.0,9053.23023499,16.0843517,null,
2016-04-15,78998.0958217,643,2114230.0,1.53,9294.0,8605.11047753,16.81422405,null,
2016-04-16,57168.8108249,724,1929170.0,1.38,14852.0,8683.83421869,19.26099949,null,
2016-04-17,31183.6318122,568,1921900.0,1.37,7936.0,7678.59260066,12.77446396,null,
2016-04-18,79181.010705,691,1896850.0,1.34,23797.0,8381.05059879,24.1399164,null,
2016-04-19,75743.3161834,907,2351550.0,1.66,21691.0,9253.06742412,28.7603207,null,
2016-04-20,37548.4431519,685,2162910.0,1.51,7501.0,8574.83211555,16.0463679,null,
2016-04-21,818977.677663,4665,2203160.0,1.53,11051.0,7836.04008294,44.43291817,null,
2016-04-22,162868.17045,903,2259880.0,1.56,8972.0,9204.62204492,17.05085362,null,
2016-04-23,363775.360474,4337,2268050.0,1.56,8728.0,9059.28590739,45.03405266,null,
2016-04-24,153396.758522,1325,2306120.0,1.58,17802.0,8750.44661508,15.78034569,null,
2016-04-25,76324.4754176,774,2289380.0,1.56,13339.0,8199.38042685,13.12523498,null,
2016-04-26,193392.758117,2138,2282450.0,1.54,14299.0,8817.05901148,22.43707615,null,
2016-04-27,53814.2308315,1072,2265000.0,1.52,12204.0,8756.50228746,11.74599013,null,
2016-04-28,118836.11802,983,2218750.0,1.48,9091.0,8332.60521962,15.4100701,null,
2016-04-29,174705.366958,1013,2280200.0,1.51,12578.0,8956.33947661,13.67803601,null,
2016-04-30,118023.320584,1148,2306610.0,1.52,19796.0,8786.78064945,16.40218198,null,
2016-05-01,137773.578868,794,2393930.0,1.57,13659.0,8532.44240874,13.12879364,null,
2016-05-02,203190.486306,1483,2358990.0,1.54,13513.0,8177.01640914,15.56803409,null,
2016-05-03,364061.798301,1742,2342820.0,1.52,10195.0,7896.3569789,21.2293425,null,
2016-05-04,74644.4374184,978,2408290.0,1.56,9993.0,8777.72712005,13.68270763,null,
2016-05-05,317628.693649,1739,2343520.0,1.51,5907.0,8453.95849677,16.91399267,null,
2016-05-06,245011.99326,918,2372200.0,1.52,6274.0,7602.56693187,11.54076429,null,
2016-05-07,559738.211891,4686,2394420.0,1.52,15547.0,9461.23865805,40.29038762,null,
2016-05-08,171604.509752,990,2495660.0,1.58,28101.0,8519.91136444,17.61481734,null,
2016-05-09,54792.8564026,771,2360400.0,1.48,10184.0,7674.51551479,9.79447293,null,
2016-05-10,287527.557295,3484,2322060.0,1.45,9627.0,7686.5069452,29.2668561,null,
2016-05-11,44267.1218503,718,2259500.0,1.41,21921.0,7548.60549448,7.09415655,null,
2016-05-12,98535.3728371,2088,2185690.0,1.35,9646.0,9443.25151222,16.31210467,null,
2016-05-13,59117.6547171,839,2088820.0,1.29,11199.0,7446.67833535,12.85566486,null,
2016-05-14,456634.293761,2425,2074460.0,1.27,18408.0,8921.62428595,21.63075282,null,
2016-05-15,39002.1429955,884,2165550.0,1.32,9978.0,9185.43575673,6.58318183,null,
2016-05-16,4320479.7833,2241,2195000.0,1.33,116107.0,7704.49409103,30.84103282,null,
2016-05-17,339107.219628,3401,3286610.0,1.98,67422.0,8687.79139137,38.1445276801,null,
2016-05-18,115990.347837,1172,2816510.0,1.69,69528.0,8813.70141151,18.48996476,null,
2016-05-19,165928.380058,2134,2658330.0,1.59,41199.0,8172.1598802,15.00781821,null,
2016-05-20,220492.774785,1100,2638300.0,1.57,66155.0,8172.15988013,8.4044048,null,
2016-05-21,246165.446952,2734,2470310.0,1.46,21176.0,8382.00991381,30.4708958,null,
2016-05-22,63205.0506867,960,2607310.0,1.53,21063.0,8723.76568268,8.83888289999,null,
2016-05-23,612797.572635,3138,2473330.0,1.45,40226.0,7812.41696539,25.03102232,null,
2016-05-24,137417.599401,1144,2633890.0,1.54,35044.0,8304.59988687,7.91814638999,null,
2016-05-25,156351.419562,2572,2484830.0,1.44,26727.0,8227.78349534,23.64551383,null,
2016-05-26,1045803.26146,1168,2390850.0,1.38,39358.0,8008.13848154,7.43040809005,null,
2016-05-27,946112.621147,1158,2318620.0,1.33,33076.0,8572.09189571,8.90433503001,null,
2016-05-28,117743.906112,1784,2340690.0,1.34,41689.0,8441.49215804,14.52992797,null,
2016-05-29,73144.9841578,814,2774270.0,1.58,12336.0,7325.45803274,8.09021347999,null,
2016-05-30,689105.934238,3330,2584030.0,1.47,11309.0,7301.71262581,24.19068936,null,
2016-05-31,127664.482595,1077,2618070.0,1.48,20533.0,9456.60830315,9.33687269999,null,
2016-06-01,1571771.17734,2921,2690760.0,1.51,53836.0,8394.00134377,22.75246206,null,
2016-06-02,161469.438157,922,3131990.0,1.75,32681.0,7337.33073606,6.99281864,null,
2016-06-03,218834.210846,1510,3162340.0,1.76,28368.0,8969.82746146,10.68814494,null,
2016-06-04,966464.053932,1516,3124600.0,1.73,17331.0,9094.49084749,11.24431432,null,
2016-06-05,689464.568958,2034,3171150.0,1.75,17063.0,7277.96721874,11.51513096,null,
2016-06-06,1181892.7116,1732,2978920.0,1.64,17433.0,7901.2841501,14.3477478402,null,
2016-06-07,619193.537403,1327,3046990.0,1.66,19335.0,9064.80908892,8.65630905,null,
2016-06-08,136758.214745,2056,3087850.0,1.68,34527.0,8144.67457104,15.16311497,null,
2016-06-09,597002.277682,1353,3043720.0,1.65,14239.0,7901.28415025,8.73003083998,null,
2016-06-10,956750.977859,2931,3042740.0,1.64,10577.0,8981.70016482,26.9188437501,null,
2016-06-11,87829.3684162,1159,3069490.0,1.65,16851.0,8186.22903324,5.87858461998,null,
2016-06-12,139873.525997,1173,3131070.0,1.67,40326.0,8168.41997799,9.05358749001,null,
2016-06-13,453869.858337,2649,3023120.0,1.61,44252.0,8358.38323324,16.87719714,null,
2016-06-14,49172.6725735,950,3086090.0,1.63,18274.0,8570.62250242,8.0641163,null,
2016-06-15,491329.027182,3403,3104940.0,1.64,20702.0,6682.80387789,27.55838921,null,
2016-06-16,135569.646357,1622,3203200.0,1.68,40434.0,7658.48148891,8.98996796,null,
2016-06-17,206703.864513,1913,3797360.0,1.99,49842.0,9944.85854124,14.68668461,null,
2016-06-18,212129.362119,1342,3260110.0,1.7,26733.0,8810.48637903,13.38497507,null,
2016-06-19,350075.862654,1995,3648020.0,1.89,40840.0,7711.37967264,15.7699282,null,
2016-06-20,79951.6766861,951,3819780.0,1.97,36050.0,8028.76877502,6.51971825994,null,
2016-06-21,470414.171289,2149,3773610.0,1.94,25715.0,7934.7275595,25.72273994,null,
2016-06-22,250019.535049,2540,3299110.0,1.69,23941.0,8487.21970068,16.62090557,null,
2016-06-23,68402.3206051,1349,3077750.0,1.57,10020.0,8910.40517052,11.89469799,null,
2016-06-24,171250.168449,1236,3184610.0,1.62,15277.0,7488.03178578,11.70353015,null,
2016-06-25,394173.088519,1094,3313830.0,1.67,14449.0,8410.81121307,8.92344443002,null,
2016-06-26,712462.32121,2311,3281970.0,1.65,10783.0,7629.09360906,14.62155941,null,
2016-06-27,317089.140379,1345,3030580.0,1.52,133737.0,8064.03423084,10.35644426,null,
2016-06-28,104062.525997,1179,3730770.0,1.86,38047.0,8128.68756651,8.72186022001,null,
2016-06-29,235420.778925,1850,3878360.0,1.93,79290.0,9339.46821633,13.39502662,null,
2016-06-30,413068.444448,2441,4211100.0,2.08,187842.0,7088.35661982,17.63116519,null,
2016-07-01,419929.885686,1198,4214360.0,2.08,23880.0,7605.58330518,8.02405850999,null,
2016-07-02,571580.720786,2804,4005290.0,1.97,24283.0,9451.14215976,20.04548121,null,
2016-07-03,208160.85024,1102,4090170.0,2.0,28905.0,8128.68756651,9.61086557001,null,
2016-07-04,222638.226855,1708,4014760.0,1.96,20097.0,8340.28030143,14.55163254,null,
2016-07-05,756430.97652,1371,4077400.0,1.98,28275.0,8242.80565041,9.91067499001,null,
2016-07-06,483565.306012,1867,4052220.0,1.96,17638.0,8199.50944649,12.80934094,null,
2016-07-07,200415.753839,1952,3919700.0,1.89,28198.0,9031.68109363,18.76766938,null,
2016-07-08,135864.223083,1240,3482880.0,1.67,44830.0,7536.09988159,8.70497970999,null,
2016-07-09,357489.18277,2069,3869740.0,1.85,13860.0,7815.43022466,11.42610957,null,
2016-07-10,255520.66288,2884,3441260.0,1.64,13936.0,8851.280247,16.39719969,null,
2016-07-11,72687.1008223,1018,3635640.0,1.72,15065.0,7797.97207823,6.71983474,null,
2016-07-12,378157.477977,2324,3591000.0,1.7,19566.0,7541.91926373,19.01192941,null,
2016-07-13,248839.665462,1089,3559000.0,1.67,17697.0,6575.90182717,8.81017841999,null,
2016-07-14,584841.016834,1861,3606830.0,1.69,13207.0,9252.81761516,11.64760332,null,
2016-07-15,172181.479497,1658,3887590.0,1.82,52673.0,8315.89708938,10.76390068,null,
2016-07-16,173200.735011,1643,3869890.0,1.8,22706.0,8065.66365703,10.33544519,null,
2016-07-17,205169.840271,1869,3678220.0,1.7,20333.0,8129.67686063,16.00932388,null,
2016-07-18,866356.14573,1138,3940150.0,1.82,9538.0,7611.7518495,7.65156222996,null,
2016-07-19,535820.929876,3019,3861090.0,1.78,18862.0,8298.43894299,23.32766463,null,
2016-07-20,102127.351407,1244,3878200.0,1.78,17470.0,8211.14821076,8.53560993999,null,
2016-07-21,150715.932061,1684,3784800.0,1.73,25652.0,8065.66365702,9.71358471002,null,
2016-07-22,166043.250815,1425,3802060.0,1.73,19713.0,8001.65045342,9.70694470001,null,
2016-07-23,118867.573024,1074,3830930.0,1.74,16589.0,8705.79569334,7.68076232,null,
2016-07-24,151198.151335,1380,3842410.0,1.73,21025.0,8240.2451215,9.56035502,null,
2016-07-25,211062.355156,1580,3750640.0,1.69,109722.0,7355.699035,15.86983068,null,
2016-07-26,280456.812032,2153,4167400.0,1.87,75944.0,6925.06475608,15.43829885,null,
2016-07-27,490562.667029,2276,3760280.0,1.68,36913.0,8070.15783294,15.61136411,null,
2016-07-28,640458.509993,2926,3805420.0,1.69,17258.0,7634.33796565,19.55029377,null,
2016-07-29,159683.142384,1281,3794130.0,1.68,9402.0,6533.84094569,7.67896739998,null,
2016-07-30,475964.204015,1951,3786910.0,1.68,17237.0,8210.51441559,13.0813652,null,
2016-07-31,208414.192286,1271,3892140.0,1.72,175481.0,8268.13206042,18.8578013899,null,
2016-08-01,298440.26616,1951,4138170.0,1.82,32334.0,7824.47619375,15.68297344,null,
2016-08-02,303780.176496,1277,3876720.0,1.7,39771.0,7991.56736434,10.20734783,null,
2016-08-03,198151.704924,1225,3446580.0,1.5,25137.0,8187.46735743,8.95497049002,null,
2016-08-04,67057.7503432,938,3580510.0,1.56,15108.0,7974.28207086,6.95639857,null,
2016-08-05,315075.784963,3346,3721670.0,1.61,11669.0,7715.00266822,29.29221089,null,
2016-08-06,51069.9454058,750,3731830.0,1.61,14503.0,8337.27323444,5.36811445001,null,
2016-08-07,102035.688478,1442,3776420.0,1.63,30115.0,8452.50852449,9.40809298,null,
2016-08-08,72091.696129,904,3605800.0,1.55,14060.0,7519.10267516,6.58402748,null,
2016-08-09,101766.42113,1211,3618400.0,1.55,17295.0,8792.45263014,10.65076081,null,
2016-08-10,97233.4448384,1238,3765900.0,1.6,21101.0,8014.61442234,10.17077184,null,
2016-08-11,971497.813308,1500,3695280.0,1.57,25017.0,8008.85265785,14.96778337,null,
2016-08-12,169787.527,1188,3935530.0,1.66,61207.0,7686.19384571,8.74838107997,null,
2016-08-13,1625408.87042,2162,4151100.0,1.75,74315.0,9092.06438423,14.01464392,null,
2016-08-14,569398.833118,2313,4214410.0,1.77,27612.0,8780.92910114,15.82285192,null,
2016-08-15,265426.908294,876,3929290.0,1.64,45272.0,7046.63798604,5.23626588994,null,
2016-08-16,378514.236967,1291,3808210.0,1.59,33544.0,9017.1614457,8.87686963999,null,
2016-08-17,396020.044022,1203,3851850.0,1.6,11552.0,7745.63700087,7.80041220001,null,
2016-08-18,136024.908404,1596,3877850.0,1.61,10036.0,8534.25712568,10.31181924,null,
2016-08-19,106560.358777,1198,3866760.0,1.6,14135.0,8060.76558729,10.97995398,null,
2016-08-20,298586.199385,1596,3874980.0,1.6,12980.0,6868.47966532,9.18077125,null,
2016-08-21,526086.2726,1173,3797890.0,1.56,12639.0,9601.03926639,7.90545605999,null,
2016-08-22,739718.128104,3177,3804200.0,1.56,24500.0,6794.31834003,21.48258892,null,
2016-08-23,58897.6417621,591,3763860.0,1.54,20945.0,6742.97588406,4.05448,null,
2016-08-24,407093.805478,2882,3641880.0,1.48,16570.0,9161.77603198,22.31159679,null,
2016-08-25,80767.6744729,719,3776630.0,1.53,10063.0,8602.71373364,6.14729803,null,
2016-08-26,402382.583583,2946,3749780.0,1.51,41102.0,6777.20418804,23.27652344,null,
2016-08-27,89247.0704408,703,3739710.0,1.51,6302.0,9435.60246382,7.01721408999,null,
2016-08-28,225517.562547,1784,3679290.0,1.47,12230.0,7918.14765404,10.66706896,null,
2016-08-29,161751.198508,1558,3764200.0,1.5,21481.0,6919.82212129,11.14836929,null,
2016-08-30,151612.661684,1191,3750860.0,1.5,26439.0,7798.34859011,9.36220545002,null,
2016-08-31,125892.721775,1431,3711980.0,1.47,18758.0,9224.52792261,10.81475533,null,
2016-09-01,87454.520907,1058,3607470.0,1.43,29262.0,8214.7929552,8.46743923001,null,
2016-09-02,231223.420682,1195,3696240.0,1.46,18695.0,7073.8494892,10.03748935,null,
2016-09-03,182637.531502,1186,3644210.0,1.43,24292.0,8112.10804326,8.35016296001,null,
2016-09-04,228772.529649,2052,3821160.0,1.5,34400.0,9452.71661581,15.53518742,null,
2016-09-05,69252.9642175,748,3889440.0,1.52,27482.0,7011.09759857,6.82836487,null,
2016-09-06,243948.325178,2180,3898130.0,1.52,56948.0,6834.25136134,15.16227656,null,
2016-09-07,146614.389549,845,3863950.0,1.5,21606.0,8209.08823787,8.16724169001,null,
2016-09-08,525075.074476,2304,3905160.0,1.51,21370.0,7586.31384871,15.16845348,null,
2016-09-09,140606.689156,1379,3951470.0,1.53,27070.0,8862.08068362,8.65024390999,null,
2016-09-10,427126.92419,3761,3977580.0,1.54,23328.0,7308.81606412,23.50563428,null,
2016-09-11,323870.20932,2031,3983000.0,1.53,8700.0,9223.56772234,13.97223312,null,
2016-09-12,200595.00768,1653,3810660.0,1.46,15434.0,6783.53021098,25.39746381,null,
2016-09-13,155654.475645,1889,3780370.0,1.44,32531.0,8189.940721,18.93849063,null,
2016-09-14,50332.7912397,789,3857330.0,1.47,27838.0,7579.93134316,6.85206894999,null,
2016-09-15,102115.894936,1205,3873460.0,1.47,17389.0,7851.0466222,21.42941996,null,
2016-09-16,75678.4947086,749,3797060.0,1.44,17668.0,7879.2877971,7.28635928,null,
2016-09-17,181091.358138,1838,3836320.0,1.45,19229.0,9144.49243262,14.33831066,null,
2016-09-18,399848.808747,3358,3728900.0,1.4,58522.0,7743.73015758,24.0692093699,null,
2016-09-19,74174.7036434,883,3429290.0,1.28,33713.0,7777.61956746,9.42190701999,null,
2016-09-20,166302.016972,1981,3328660.0,1.24,41154.0,7122.42430978,14.33435987,null,
2016-09-21,288228.891811,1290,3513010.0,1.31,30537.0,8088.27249136,10.52929809,null,
2016-09-22,77631.6277368,982,3162100.0,1.18,12077.0,8410.22188522,7.63872012,null,
2016-09-23,558528.961674,3522,3251990.0,1.2,17920.0,8195.58895598,23.44546819,null,
2016-09-24,31033.5078357,646,3261830.0,1.21,11178.0,7675.95133782,4.28178792,null,
2016-09-25,243301.839577,1733,3318120.0,1.22,10850.0,7800.21250738,11.36366453,null,
2016-09-26,130401.488815,1035,3262830.0,1.2,85566.0,8026.14190658,7.96432131999,null,
2016-09-27,2469495.6173,5250,3158470.0,1.16,17972.0,8257.71954076,42.12437649,null,
2016-09-28,229241.852804,1988,2956620.0,1.08,9612.0,7704.19251272,15.87181149,null,
2016-09-29,193505.489483,3792,2887520.0,1.05,12671.0,8193.35203157,33.18285195,null,
2016-09-30,111923.127588,1383,2826060.0,1.02,18633.0,7957.85977944,10.8959095,null,
2016-10-01,74877.00482,1364,2671470.0,0.967037,21779.0,7767.72117609,10.91093095,null,
2016-10-02,52112.3331874,676,2803930.0,1.01,17194.0,7678.2441864,5.35094616002,null,
2016-10-03,295567.733583,3283,2715130.0,0.976922,32081.0,7778.90579988,31.37568795,null,
2016-10-04,23361.9852949,587,2982670.0,1.07,16291.0,7717.39036943,4.96839001,null,
2016-10-05,85209.9891639,1193,2841730.0,1.02,21078.0,7516.06714239,10.24172772,null,
2016-10-06,90069.0203511,1108,3034690.0,1.08,38004.0,9014.80672125,7.76680851,null,
2016-10-07,552567.698426,5126,3124430.0,1.11,17696.0,7023.94369843,52.65290004,null,
2016-10-08,22473.642402,796,3060650.0,1.09,25997.0,8612.16026723,4.80433206,null,
2016-10-09,407881.690425,6348,2982680.0,1.06,7711.0,7823.64429483,60.33765697,null,
2016-10-10,41606.6114806,799,2918340.0,1.03,31604.0,7924.30590829,7.28950474999,null,
2016-10-11,193292.244357,1939,2809820.0,0.987916,32654.0,7571.99026102,17.36796462,null,
2016-10-12,58944.327738,356,2728930.0,0.956906,19761.0,8366.09854538,7.2164945,null,
2016-10-13,450371.295986,3868,2704850.0,0.9456,15567.0,7107.82837646,50.13711072,null,
2016-10-14,35645.3304726,426,2735400.0,0.953916,16043.0,8489.12940638,3.76902401001,null,
2016-10-15,93804.7912314,1413,2792050.0,0.970912,6993.0,7633.50569141,8.16114059,null,
2016-10-16,197361.607582,1802,2734630.0,0.948403,18820.0,8612.16026719,11.68609596,null,
2016-10-17,265213.096926,3393,2622540.0,0.906949,20755.0,7331.52085087,34.43264978,null,
2016-10-18,246305.542533,1778,2917000.0,1.01,20889.0,7734.16730443,17.16631174,null,
2016-10-19,111195.776796,1425,2573400.0,0.885073,9305.0,7773.31348755,15.09605825,null,
2016-10-20,63162.6015432,745,2527080.0,0.866924,10010.0,7146.31012595,6.49798978,null,
2016-10-21,247121.227341,2857,2594980.0,0.888113,6316.0,8460.44804233,31.8218078399,null,
2016-10-22,51009.4584735,745,2607830.0,0.88983,12953.0,7668.66527396,4.92021702001,null,
2016-10-23,94220.6796655,1411,2666280.0,0.907509,5166.0,7541.31559795,10.80037166,null,
2016-10-24,242628.924624,3704,2665730.0,0.905014,9579.0,7701.88692855,47.0486347201,null,
2016-10-25,184245.049619,2144,2592020.0,0.877614,13619.0,8316.48753899,63.06604086,null,
2016-10-26,150726.555404,1667,2541850.0,0.858285,12436.0,8227.89645999,23.13253427,null,
2016-10-27,48396.9763139,826,2540640.0,0.855405,15286.0,7369.6703824,8.82769226,null,
2016-10-28,148533.07903,2324,2490830.0,0.836631,23060.0,7652.05444666,18.69936346,null,
2016-10-29,98738.1622546,1531,2350800.0,0.787614,104171.0,7845.84743193,14.45835059,null,
2016-10-30,46720.41017,818,2272040.0,0.759183,12728.0,7447.18757653,7.38358791999,null,
2016-10-31,177771.749558,1605,2341310.0,0.780365,30687.0,7679.73915883,12.55812706,null,
2016-11-01,43563.8532097,823,2083200.0,0.692543,11065.0,7607.75890728,7.58753251999,null,
2016-11-02,85066.3696354,1053,2146890.0,0.711956,8322.0,7668.66527403,7.00259559,null,
2016-11-03,129198.760232,1538,2135510.0,0.706346,7742.0,7325.3748429,11.60307572,null,
2016-11-04,34427.822417,601,1987750.0,0.655899,6727.0,7989.80793528,4.95925801,null,
2016-11-05,57326.0228999,1038,1969620.0,0.648186,10349.0,8864.64484011,9.28123382999,null,
2016-11-06,73378.2247681,1256,1933780.0,0.634539,8395.0,7845.84743189,8.56214968001,null,
2016-11-07,45956.6815619,1329,1913600.0,0.626389,12029.0,7092.82326059,12.96492807,null,
2016-11-08,63096.4940738,1070,1936310.0,0.632375,6975.0,8006.41876258,8.33859146999,null,
2016-11-09,34007.2043631,896,1901400.0,0.619253,25736.0,7768.33023784,6.8195681,null,
2016-11-10,377944.336496,4494,2278340.0,0.74021,26312.0,7508.0939433,38.60360422,null,
2016-11-11,56343.0819271,636,2202070.0,0.713664,10221.0,8100.71124798,5.31111713001,null,
2016-11-12,659284.652329,3118,1995400.0,0.645013,7451.0,8563.07335201,20.19249889,null,
2016-11-13,26509.6317876,417,2018480.0,0.650654,4673.0,6693.67001461,2.80185268,null,
2016-11-14,112665.165503,1365,2071970.0,0.666512,8292.0,8206.73547243,9.57160345002,null,
2016-11-15,65257.0375279,902,2009340.0,0.644633,21550.0,7329.59607658,6.81787573001,null,
2016-11-16,151018.02628,2424,2142600.0,0.685773,28104.0,7406.34577372,16.22174162,null,
2016-11-17,152945.87705,2765,2320700.0,0.741003,10091.0,8069.68244184,31.86528599,null,
2016-11-18,180127.28878,2515,2273120.0,0.723936,10783.0,7713.34456231,20.4199317,null,
2016-11-19,497955.488366,1707,2314420.0,0.735253,14161.0,7894.2545627,21.18648936,null,
2016-11-20,130052.224511,1760,2354960.0,0.746327,14296.0,8442.46668509,15.78057014,null,
2016-11-21,59074.0035185,698,2228980.0,0.704521,9013.0,6523.72425661,5.20068907,null,
2016-11-22,39058.3225235,659,2257250.0,0.712034,19621.0,7225.43577332,5.82362179001,null,
2016-11-23,75275.9658188,1000,2112510.0,0.664788,4659.0,7746.23728961,9.03604145997,null,
2016-11-24,120604.909477,1540,2110640.0,0.662535,15977.0,8327.34213932,11.1206199,null,
2016-11-25,62892.670544,721,2011130.0,0.629733,6320.0,6984.22243947,6.19737661001,null,
2016-11-26,221666.770093,3980,1941560.0,0.606675,16815.0,6090.63668019,38.55460846,null,
2016-11-27,17790.7222707,566,1891400.0,0.589724,3508.0,8667.23365536,4.13969736,null,
2016-11-28,578344.372791,5453,1874410.0,0.582994,9104.0,6869.09789375,73.70711011,null,
2016-11-29,27445.336111,925,1903810.0,0.590802,6112.0,8327.34213936,4.72112881,null,
2016-11-30,168857.676583,1578,1928430.0,0.596947,22713.0,7866.84395661,13.21884573,null,
2016-12-01,102775.914442,1009,1945910.0,0.600854,5489.0,7214.47153091,15.18366572,null,
2016-12-02,160328.508593,1645,1962600.0,0.604682,7494.0,7460.73275852,26.68326638,null,
2016-12-03,60871.8295438,1647,1941890.0,0.596907,11231.0,8630.27004583,11.553215,null,
2016-12-04,67607.3364155,1242,1891780.0,0.580017,5669.0,6839.0819232,8.95415058,null,
2016-12-05,27761.4966788,424,1848210.0,0.565441,5325.0,6871.64897987,4.72866012001,null,
2016-12-06,48356.4489438,825,1740670.0,0.531405,8916.0,8261.17673579,8.76828903004,null,
2016-12-07,34411.942748,563,1642010.0,0.500046,6579.0,7512.13442991,6.52549742001,null,
2016-12-08,92428.7047839,1236,1621020.0,0.492497,5264.0,7371.01051722,15.55891184,null,
2016-12-09,48792.3987308,1436,1669230.0,0.506032,6650.0,7886.65558272,12.0462207,null,
2016-12-10,257767.54372,3909,1725640.0,0.521914,12386.0,7761.81519859,45.92874271,null,
2016-12-11,95154.2158871,2203,1713860.0,0.517164,4676.0,7555.55717224,21.89476742,null,
2016-12-12,245510.169676,3904,1658570.0,0.499293,21355.0,7631.54697133,77.13782035,null,
2016-12-13,46710.4055698,1087,1813540.0,0.544694,10300.0,7278.73718954,10.93845916,null,
2016-12-14,302081.215215,5019,1843690.0,0.55258,2725.0,7295.02071795,60.51724019,null,
2016-12-15,39531.332662,1026,1800600.0,0.538394,4441.0,8505.42966147,8.16413501,null,
2016-12-16,76515.2751891,2050,1765910.0,0.526759,4255.0,7989.78459595,12.12216,null,
2016-12-17,64175.2845253,1622,1778220.0,0.529184,3447.0,6860.7932943,17.1766383,null,
2016-12-18,478701.047702,6148,1831000.0,0.543862,14766.0,6589.40115447,75.71894892,null,
2016-12-19,53385.077487,925,1697170.0,0.502979,6465.0,8662.83710258,8.42240001999,null,
2016-12-20,95966.2273819,1694,1674370.0,0.495005,10982.0,8082.05792343,15.32490608,null,
2016-12-21,30108.9610832,661,1684920.0,0.496957,11189.0,7202.74739038,6.81383339996,null,
2016-12-22,56901.554202,1109,1665770.0,0.490236,10397.0,7419.86110233,9.90950836999,null,
2016-12-23,72835.1179461,1414,1572650.0,0.461848,9337.0,7452.42815906,11.4707703199,null,
2016-12-24,38057.6298317,647,1552080.0,0.454779,4531.0,7863.92313175,5.15077912001,null,
2016-12-25,62754.5750237,1167,1566450.0,0.457961,7158.0,7475.3755732,10.47403222,null,
2016-12-26,14685.3318929,450,1511120.0,0.440804,6359.0,6916.46898825,3.388866,null,
2016-12-27,265909.685441,3819,1486200.0,0.432666,11434.0,7545.23889627,54.66899525,null,
2016-12-28,16884.9421735,707,1451560.0,0.421673,11859.0,7996.66344565,4.59080444998,null,
2016-12-29,231329.780567,3336,1723740.0,0.499568,9910.0,7115.31075407,37.33125633,null,
2016-12-30,16345.9615469,533,1681130.0,0.486198,3582.0,8098.77137942,3.69524251,null,
2016-12-31,77300.9078178,1645,1617190.0,0.466618,8113.0,7464.62736961,14.64824879,null,
2017-01-01,15576.3520672,610,1680250.0,0.483748,3214.0,7598.97991407,3.84375588001,null,
2017-01-02,192234.326841,5429,1706590.0,0.490269,8169.0,7631.22452475,50.95799582,null,
2017-01-03,25241.5569295,613,1647480.0,0.472265,5036.0,7330.27482517,4.96338248001,null,
2017-01-04,247213.102867,5067,1612730.0,0.461302,35530.0,8163.26060077,38.77500364,null,
2017-01-05,33457.1432842,716,2194980.0,0.626407,13244.0,7808.56988344,9.17338816,null,
2017-01-06,207328.631696,2854,1942000.0,0.553009,13186.0,7824.69218873,24.50195313,null,
2017-01-07,30891.769179,600,1950040.0,0.554099,48405.0,6588.64877979,5.69531299999,null,
2017-01-08,88692.0967036,1368,2372740.0,0.672879,45714.0,8039.65625985,9.94866711998,null,
2017-01-09,310518.922592,4175,2894870.0,0.819151,52721.0,6970.21000604,34.46728708,null,
2017-01-10,125762.456799,1245,2935980.0,0.829091,31966.0,7926.80012251,9.27468332001,null,
2017-01-11,339259.902676,3605,2502040.0,0.704936,30367.0,8211.62751676,32.52979565,null,
2017-01-12,17366.5226052,559,2489440.0,0.699805,22706.0,6567.15237269,4.34478574998,null,
2017-01-13,129033.059387,1564,2976980.0,0.835348,95936.0,7158.30356828,13.27453641,null,
2017-01-14,101955.615874,960,3951920.0,1.11,101834.0,8685.29339869,6.84785545,null,
2017-01-15,558594.366182,4882,3744110.0,1.05,47474.0,7954.73481075,66.29407869,null,
2017-01-16,43506.3288052,758,3502420.0,0.97627,41930.0,6741.57124095,8.05776782999,null,
2017-01-17,433529.869527,3553,3426420.0,0.953343,51465.0,7672.7274897,36.10949833,null,
2017-01-18,67896.3352696,832,3189520.0,0.885453,29944.0,7646.12302545,6.00104868003,null,
2017-01-19,122889.592031,1697,3153600.0,0.873604,40489.0,7220.45159745,12.0807237,null,
2017-01-20,63121.2934873,726,3754430.0,1.04,30692.0,7459.8917757,6.61475891001,null,
2017-01-21,477574.219887,3892,3273920.0,0.903234,19965.0,7997.30195355,45.11984595,null,
2017-01-22,33812.4646328,887,3172360.0,0.873367,11359.0,7773.82445385,5.54669843,null,
2017-01-23,216973.225905,2184,3345390.0,0.91906,21028.0,6331.8624915,17.16822577,null,
2017-01-24,119544.048799,1153,3544670.0,0.972045,20334.0,8380.40623875,7.03734989,null,
2017-01-25,164428.052656,2419,3718770.0,1.02,49183.0,7172.5635618,17.72077556,null,
2017-01-26,137027.259306,1108,3724990.0,1.02,614441.0,7470.5335614,10.20448009,null,
2017-01-27,385041.503456,3551,5881160.0,1.6,151059.0,7699.33195395,22.61075358,null,
2017-01-28,391843.460144,987,4981630.0,1.35,72100.0,7114.03374045,5.46661276,null,
2017-01-29,3669057.95312,990,5626670.0,1.53,322541.0,8545.3539171,9.59091500996,null,
2017-01-30,1010661.69888,2941,6925250.0,1.88,140668.0,7614.19766835,26.48522233,null,
2017-01-31,161089.077327,783,6802470.0,1.84,318261.0,7709.97373965,8.68576120005,null,
2017-02-01,4755641.94167,3271,8288660.0,2.24,386941.0,7715.2946325,29.90330223,null,
2017-02-02,125651.185342,1059,9325390.0,2.51,132901.0,7800.4289181,9.49170559002,null,
2017-02-03,1022726.47382,3797,9659720.0,2.59,133515.0,7869.60052515,42.3851274,null,
2017-02-04,241967.440454,1289,9812420.0,2.63,726595.0,8432.08738567,8.68505042999,null,
2017-02-05,1135523.48431,3238,12544800.0,3.35,568651.0,7343.88577438,32.34396184,null,
2017-02-06,132205.084157,951,11352700.0,3.03,178837.0,6263.90257226,15.10035638,null,
2017-02-07,1014173.57185,3406,9701580.0,2.58,183596.0,7359.69040659,29.43932428,null,
2017-02-08,131932.781851,1327,9754980.0,2.59,115129.0,8866.39867881,6.92766279,null,
2017-02-09,783446.161996,3083,9695360.0,2.57,189010.0,6848.67396465,40.86764607,null,
2017-02-10,174228.819823,1099,10568500.0,2.8,133894.0,7538.80957184,6.08563139001,null,
2017-02-11,840190.400632,3643,9781950.0,2.58,53483.0,7354.42219585,34.22174561,null,
2017-02-12,110424.079736,1451,9442600.0,2.49,57501.0,8149.9220179,6.71774511,null,
2017-02-13,863782.211618,3420,9074080.0,2.39,139972.0,7928.65716673,65.0122343,null,
2017-02-14,148416.465463,1079,9974470.0,2.62,210760.0,6506.2402664,7.69732,null,
2017-02-15,2198436.0151,2291,9141590.0,2.4,158941.0,7375.49503883,27.1226531699,null,
2017-02-16,220260.821094,1215,9256170.0,2.42,118378.0,8012.9485386,7.42146941,null,
2017-02-17,396625.787968,1674,8402380.0,2.19,86612.0,7459.7864107,12.5926386,null,
2017-02-18,323346.606738,1654,7997430.0,2.08,108718.0,7849.6340056,12.6182617,null,
2017-02-19,200433.587907,1536,7093410.0,1.84,83590.0,7391.29967105,8.96716386,null,
2017-02-20,308546.245618,1592,7714650.0,2.0,51662.0,7322.81293142,12.03349442,null,
2017-02-21,319800.417797,1748,7202220.0,1.87,73990.0,8318.50476165,11.61619432,null,
2017-02-22,179346.420621,1507,6863120.0,1.77,126632.0,6458.82636972,10.04850558,null,
2017-02-23,584106.9717,1813,8129910.0,2.1,81706.0,7333.34935289,11.88467191,null,
2017-02-24,1111626.7642,1648,7974190.0,2.05,94786.0,8434.405398,11.17815115,null,
2017-02-25,376324.624269,1681,8880020.0,2.28,41894.0,6663.76498376,11.6756876801,null,
2017-02-26,230533.25392,1685,8875570.0,2.28,63893.0,7072.96412544,8.87648298001,null,
2017-02-27,306473.357565,1746,9093080.0,2.33,61474.0,7954.476616,12.01609743,null,
2017-02-28,255789.054348,1477,9031420.0,2.31,40291.0,6838.24186464,9.66242490001,null,
2017-03-01,283601.467554,1754,8412630.0,2.15,58226.0,7015.5875728,11.73640487,null,
2017-03-02,221021.335269,1715,7953900.0,2.03,76329.0,7469.38394368,11.28301593,null,
2017-03-03,262860.594374,1621,8220470.0,2.09,59527.0,7161.63697952,11.23113588,null,
2017-03-04,257095.916759,1657,8152800.0,2.07,42303.0,8559.53844384,10.637096,null,
2017-03-05,429044.724813,1865,8451920.0,2.14,32296.0,7500.68024512,13.68495248,null,
2017-03-06,288378.353647,1347,8245290.0,2.08,68215.0,6014.10592672,18.9383702,null,
2017-03-07,299904.035167,1553,9009560.0,2.27,722346.0,7151.20487904,15.58778425,null,
2017-03-08,688731.148827,2114,13102700.0,3.3,478957.0,9055.06321664,17.28460446,null,
2017-03-09,429319.834389,1682,11179700.0,2.81,237597.0,6233.1800368,12.71858342,null,
2017-03-10,553869.084714,1824,12349800.0,3.1,483867.0,7641.5136016,17.87115585,null,
2017-03-11,1384509.18649,2456,12450600.0,3.12,233518.0,7693.674104,18.49561599,null,
2017-03-12,1205217.61603,2264,13110100.0,3.28,1388970.0,8220.49517824,17.98992316,null,
2017-03-13,1377147.14792,2211,19933900.0,4.97,2123340.0,7119.9085776,18.96262182,null,
2017-03-14,935381.367747,1945,20299800.0,5.06,980972.0,7172.06908,16.38752943,null,
2017-03-15,819696.428808,1876,18614300.0,4.63,925039.0,7328.5505872,14.4935959,null,
2017-03-16,1170967.16289,2383,21379400.0,5.3,945455.0,8366.54458496,19.47797749,null,
2017-03-17,979796.096541,2311,20773400.0,5.14,642384.0,7052.09992448,16.15189783,null,
2017-03-18,1013129.85313,2287,19672000.0,4.86,1052730.0,7511.1123456,14.65640345,null,
2017-03-19,1901487.68113,2272,25517900.0,6.3,1300370.0,6605.22385761,18.64161904,null,
2017-03-20,1371290.46568,2807,25696900.0,6.33,616274.0,8356.00919599,19.00678662,null,
2017-03-21,1430486.20975,2826,24969500.0,6.14,577491.0,7953.18551411,20.10789027,null,
2017-03-22,340505.470937,1586,23476000.0,5.76,334899.0,6718.89243758,8.1384704,null,
2017-03-23,1200776.88728,2114,24379400.0,5.97,1580610.0,6971.94834031,16.3100314,null,
2017-03-24,1917293.00149,2432,31348600.0,7.67,746802.0,8314.69394658,18.09946585,null,
2017-03-25,1725233.0818,2078,30441500.0,7.43,1465100.0,7033.92121443,17.08835613,null,
2017-03-26,4121279.51832,3222,42224800.0,10.29,15340800.0,8965.409125,27.62199824,null,
2017-03-27,4693026.48614,3242,61324700.0,14.9,7036740.0,7111.3873071,34.93934558,null,
2017-03-28,1519676.24193,1721,45080700.0,10.94,2885050.0,6946.12630942,19.34097117,null,
2017-03-29,3486875.57354,1955,53626700.0,12.99,1123390.0,6192.12300742,18.65111557,null,
2017-03-30,1723871.01643,1568,51143700.0,12.37,1617450.0,8051.30923151,14.37154197,null,
2017-03-31,3548762.08959,2754,55277700.0,12.12,1004920.0,7627.82792491,28.70561086,null,
2017-04-01,1054460.87324,1633,57887700.0,12.67,612191.0,7922.19907705,13.36518708,null,
2017-04-02,2032985.52273,1943,58887100.0,12.86,1259490.0,7436.74489633,16.37589757,null,
2017-04-03,1419471.21581,1670,50723600.0,11.06,1468930.0,7064.90765152,15.13476169,null,
2017-04-04,3473927.70475,2518,49787600.0,10.84,1042790.0,7483.22455193,25.57076385,null,
2017-04-05,1537878.6648,1597,46009800.0,10.0,1240980.0,7824.07535969,14.36312663,null,
2017-04-06,2764187.14215,2269,47454900.0,10.3,801588.0,7002.93477737,20.95690312,null,
2017-04-07,440190.403658,1283,44938800.0,9.74,664892.0,7255.99068008,9.31970277,null,
2017-04-08,3105579.01315,3142,40994700.0,8.87,2052440.0,7669.14317432,29.83050478,null,
2017-04-09,2707542.08755,2782,52201500.0,11.28,2464150.0,8578.43659147,26.16099104,null,
2017-04-10,2154852.20475,2340,55567300.0,11.98,1106340.0,6427.38471914,24.95265384,null,
2017-04-11,682733.900481,1354,53672100.0,11.56,832124.0,6826.22004778,15.09100989,null,
2017-04-12,3256652.49049,3643,53028900.0,11.4,664216.0,8574.95956564,29.14831026,null,
2017-04-13,1322036.0194,2239,53712000.0,11.53,698967.0,6575.66964902,15.7960579,null,
2017-04-14,4070224.18711,3547,51830200.0,11.11,449000.0,6994.95807143,30.79407581,null,
2017-04-15,2088304.73717,2349,51613100.0,11.04,705586.0,7915.34729134,16.61310633,null,
2017-04-16,2643167.10449,2427,56916900.0,12.16,635036.0,6468.29090674,20.09427248,null,
2017-04-17,1385092.51104,2218,57037200.0,12.17,851312.0,7756.83581461,15.35441557,null,
2017-04-18,3226357.06803,3327,56726800.0,12.08,684640.0,7710.81635359,24.5089994,null,
2017-04-19,1714963.88704,2099,57014000.0,12.12,3399220.0,6795.5404071,16.02575022,null,
2017-04-20,4357659.83483,3339,63237700.0,13.43,1689860.0,8068.74549469,25.93228557,null,
2017-04-21,2443301.91271,2687,67042300.0,14.21,803308.0,7490.9455955,17.99463697,null,
2017-04-22,2634785.0918,2254,70369300.0,14.89,1183560.0,6943.825337,17.417071,null,
2017-04-23,643841.906679,1337,69918500.0,14.77,2618160.0,4315.60278675,7.7251285,null,
2017-04-24,4801784.34158,3114,78587300.0,16.59,2835990.0,5149.06635813,28.69204491,null,
2017-04-25,2579419.63636,3936,77983700.0,16.44,2007810.0,12082.6651483,21.70230464,null,
2017-04-26,4658383.40498,3332,70895400.0,14.91,1997200.0,7010.29789174,31.58323934,null,
2017-04-27,1051423.31304,1700,77547500.0,16.29,1658670.0,5890.49100752,9.67006102,null,
2017-04-28,8517563.48155,4191,69382900.0,14.55,1756280.0,7035.864259,45.3469743201,null,
2017-04-29,798418.584089,2267,73202100.0,15.33,960592.0,8554.50647186,9.91538616,null,
2017-04-30,7043802.42935,4306,74906700.0,15.66,1326060.0,7432.92766098,46.47103651,null,
2017-05-01,1941066.7444,2472,75566600.0,15.78,1895940.0,7209.20929105,19.44975284,null,
2017-05-02,5943695.96115,3926,71644400.0,14.94,1660500.0,6956.0769423,41.12384295,null,
2017-05-03,916094.267082,2076,66135900.0,13.77,1610890.0,7209.20929101,10.8815595399,null,
2017-05-04,5870979.07293,3790,69259600.0,14.39,1313140.0,7472.46693364,30.21282479,null,
2017-05-05,1006239.95011,1979,73881300.0,15.33,1630340.0,6890.26253165,11.6963109,null,
2017-05-06,7465656.67515,3562,76993500.0,15.95,1476430.0,7315.52487746,32.14198143,null,
2017-05-07,2505841.78017,2699,82327700.0,17.03,2927270.0,7644.5969308,15.90148728,null,
2017-05-08,6449334.2647,3339,83456300.0,17.24,2088860.0,6956.07694233,33.04050512,null,
2017-05-09,1282223.6753,1872,83549800.0,17.23,1562010.0,6794.07223916,11.31846562,null,
2017-05-10,7360607.38223,3617,75973900.0,15.65,988746.0,7082.64311666,38.20370023,null,
2017-05-11,2043797.18096,2232,80420700.0,16.54,831284.0,7685.09810658,12.30016167,null,
2017-05-12,5510742.18128,3279,74261500.0,15.25,709425.0,7507.90546251,32.57496797,null,
2017-05-13,2565521.93662,2655,74203300.0,15.22,2811300.0,7275.02370169,17.55928696,null,
2017-05-14,6649783.3182,3581,92138000.0,18.86,1453890.0,6763.69635731,34.47193329,null,
2017-05-15,2268389.57889,2217,83805300.0,17.13,1317300.0,7330.71281839,12.7295431,null,
2017-05-16,6033393.73435,2847,76315800.0,15.58,1115020.0,6515.62665556,32.2294153,null,
2017-05-17,1499565.63139,2467,75257100.0,15.34,7469700.0,7664.84751871,11.72461077,null,
2017-05-18,4284282.63452,2804,105225000.0,21.42,3308570.0,7806.60163399,16.14594606,null,
2017-05-19,2971445.28643,2337,103110000.0,20.95,1416190.0,6505.50136162,13.56698724,null,
2017-05-20,7798019.09725,3803,97566500.0,19.8,1158210.0,7042.14194089,37.96426294,null,
2017-05-21,1353939.98287,2145,99768100.0,20.22,1269580.0,7224.64785798,11.78988944,null,
2017-05-22,5255155.9188,3353,100785000.0,20.4,2165250.0,6631.5662833,20.44284774,null,
2017-05-23,1709252.48149,2385,98437000.0,19.9,1827550.0,7664.14576502,12.31562946,null,
2017-05-24,5029976.87812,2835,111877000.0,22.58,3857870.0,6065.15132482,21.35356299,null,
2017-05-25,3493268.1746,2519,119296000.0,24.04,1814930.0,7483.69498181,15.49003924,null,
2017-05-26,8269488.61955,3428,108815000.0,21.9,1221450.0,7498.73254703,39.56459745,null,
2017-05-27,2138818.9215,2207,106838000.0,21.47,1063380.0,7197.98124171,16.24761079,null,
2017-05-28,7620963.70874,3605,94770500.0,19.02,963530.0,7699.23341729,37.50601653,null,
2017-05-29,774431.15327,1732,99860900.0,20.01,781367.0,6521.29080464,11.943865,null,
2017-05-30,8144799.01549,3192,104238000.0,20.86,1323570.0,7298.23167684,36.58167281,null,
2017-05-31,1098711.61995,1796,101976000.0,20.38,995100.0,6932.31758866,12.50652077,null,
2017-06-01,6911173.17044,3253,110146000.0,21.98,2886770.0,7167.90611114,27.46809737,null,
2017-06-02,1658956.45002,2440,125482000.0,25.0,3739400.0,8060.13498372,14.51744305,null,
2017-06-03,9986535.61,3597,154295000.0,30.69,6865010.0,6486.20315233,29.52335012,null,
2017-06-04,3711290.83971,2163,177458000.0,35.26,3468980.0,6756.87932714,15.72658781,null,
2017-06-05,8661019.45131,3619,162002000.0,32.14,2868100.0,7629.05811268,31.63624343,null,
2017-06-06,1767530.00552,2065,176868000.0,35.03,2657680.0,6812.01706646,14.63158163,null,
2017-06-07,10483535.9301,3365,174967000.0,34.61,3270310.0,7172.91863291,35.2459787,null,
2017-06-08,2975426.1274,2158,165901000.0,32.77,2388670.0,7253.11898106,15.62786377,null,
2017-06-09,15843868.7843,3586,175431000.0,34.61,4390150.0,7553.87028635,35.73840702,null,
2017-06-10,4008318.05134,2211,215444000.0,42.44,5631520.0,6726.80419667,14.61637459,null,
2017-06-11,10006636.9299,3154,208689000.0,41.05,5497050.0,7834.5715047,20.40525245,null,
2017-06-12,2264541.60504,2305,208041000.0,40.86,3761090.0,7213.51509652,13.38631432,null,
2017-06-13,7471654.60372,3049,170407000.0,33.42,2086310.0,6412.05753375,18.11860918,null,
2017-06-14,1441001.53263,1848,187546000.0,36.74,1413710.0,6580.7958899,10.42638504,null,
2017-06-15,9015673.95468,3689,158782000.0,31.06,1402140.0,7627.96627661,22.3169860499,null,
2017-06-16,1631710.053,2442,154382000.0,30.16,1267190.0,7727.22413318,14.33292299,null,
2017-06-17,7799488.50013,3299,166673000.0,32.51,1336480.0,6913.30970938,20.32293314,null,
2017-06-18,1842233.69618,2130,164444000.0,32.03,11185200.0,6575.83299709,13.99911671,null,
2017-06-19,11006115.8887,3717,216323000.0,42.08,5853420.0,6744.57135323,22.9833665301,null,
2017-06-20,3257509.45732,2156,206818000.0,40.18,3106890.0,7037.38203008,15.46468146,null,
2017-06-21,9640685.31586,3841,183928000.0,35.68,2080240.0,8079.58952395,21.21862216,null,
2017-06-22,3039549.24953,1916,190323000.0,36.87,5629680.0,5816.51039438,12.42381408,null,
2017-06-23,13404428.9605,3844,221303000.0,42.82,3936480.0,7608.11470532,24.48498822,null,
2017-06-24,4189331.11538,2356,238976000.0,46.17,2074380.0,7578.33734833,15.62513628,null,
2017-06-25,11774860.177,3576,223596000.0,43.14,2068440.0,6516.27828316,22.43490527,null,
2017-06-26,2543809.9748,2278,200625000.0,38.66,3233030.0,7305.3782428,12.69939561,null,
2017-06-27,10077067.0623,3660,183242000.0,35.26,2134180.0,7052.27070858,21.84154912,null,
2017-06-28,2944457.06157,2593,190554000.0,36.62,1453690.0,6883.53235242,13.58525537,null,
2017-06-29,10294967.7834,4332,187711000.0,36.02,1066580.0,7717.29834753,44.42557654,null,
2017-06-30,2010353.99422,2440,178839000.0,34.27,1922690.0,7618.04049095,14.88523675,null,
2017-07-01,9964140.83916,3115,169093000.0,32.35,2355220.0,6426.94621225,16.82744376,null,
2017-07-02,1947704.92202,2036,153510000.0,29.34,1261070.0,6297.91099872,11.26138867,null,
2017-07-03,7427591.92684,3325,155746000.0,29.73,1183960.0,8356.57790952,17.81779707,null,
2017-07-04,2069226.13522,2323,166912000.0,31.81,1909980.0,6692.53468587,12.32920155,null,
2017-07-05,6485427.3069,2780,190855000.0,36.32,3216940.0,6574.60455924,16.07116679,null,
2017-07-06,6144172.88854,2987,196079000.0,37.27,905811.0,7724.42329382,14.42363949,null,
2017-07-07,5163450.49449,2715,185385000.0,35.19,1441280.0,6879.25738636,15.98632377,null,
2017-07-08,4973799.74174,2899,157260000.0,29.81,2927310.0,6952.9637155,15.51872992,null,
2017-07-09,5736533.89747,2785,193186000.0,36.57,2005270.0,6618.82835671,13.78374685,null,
2017-07-10,5282076.57153,2896,175724000.0,33.22,2196480.0,7341.15038217,15.10426283,null,
2017-07-11,6888376.41795,3184,130152000.0,24.57,2338340.0,6903.82616266,16.4344815,null,
2017-07-12,3906935.92812,2837,134895000.0,25.44,1542700.0,6795.72354657,14.42259666,null,
2017-07-13,4928819.85205,2971,150033000.0,28.26,806704.0,7434.51173247,13.27194271,null,
2017-07-14,4047561.69338,2667,136178000.0,25.61,1280400.0,6132.36658441,14.30422831,null,
2017-07-15,3107855.60132,2927,119067000.0,22.37,788266.0,6771.15477028,12.20811865,null,
2017-07-16,5082534.5227,3197,106193000.0,19.92,884628.0,7508.21806168,8.82076938001,null,
2017-07-17,3049449.45418,3280,100370000.0,18.8,1098540.0,6810.46481248,9.12891893,null,
2017-07-18,6668974.68619,3514,131571000.0,24.62,1384330.0,7527.87308274,14.22683133,null,
2017-07-19,7764903.59198,3467,133317000.0,24.91,813883.0,6938.22244969,13.5922598,null,
2017-07-20,8705185.02189,3266,123563000.0,23.06,1274350.0,6245.38295574,12.41403559,null,
2017-07-21,4876664.62315,3554,143707000.0,26.78,720384.0,7311.66785066,13.73650289,null,
2017-07-22,4317554.51379,3338,143869000.0,26.78,1070060.0,7626.14818831,11.61068966,null,
2017-07-23,4445996.49533,3003,161983000.0,30.11,828897.0,6839.94734415,11.22903867,null,
2017-07-24,4449300.62924,3236,151585000.0,28.14,853258.0,7436.94428484,12.78802243,null,
2017-07-25,4162692.84159,2926,152478000.0,28.27,1679880.0,6587.3511328,11.78785168,null,
2017-07-26,5963948.25821,3193,139150000.0,25.76,519526.0,7205.21937047,12.26618021,null,
2017-07-27,28593034.9997,2964,140044000.0,25.89,444541.0,6168.95216867,12.52937564,null,
2017-07-28,12548012.3981,3467,136730000.0,25.25,1466680.0,7657.67406426,15.51258874,null,
2017-07-29,4083248.65631,3109,125663000.0,23.18,2558920.0,6207.87300253,14.80836318,null,
2017-07-30,11686076.4313,3762,164663000.0,30.33,1908450.0,7477.66520761,15.21151535,null,
2017-07-31,5445290.76203,3365,142923000.0,26.29,1306050.0,7146.83811971,17.81996451,null,
2017-08-01,9533992.65903,3350,157743000.0,28.98,1189560.0,6811.14592754,22.22444438,null,
2017-08-02,4812515.81937,3335,159476000.0,29.26,692111.0,6854.93186565,21.68577026,null,
2017-08-03,4360506.71565,3162,159211000.0,29.18,626260.0,7122.51259855,9.19326063,null,
2017-08-04,4447389.12747,3047,156776000.0,28.69,545456.0,6835.47144874,8.28382271999,null,
2017-08-05,5180917.50849,3522,154871000.0,28.31,959859.0,7604.15791768,21.22132327,null,
2017-08-06,7423117.35431,2921,166393000.0,30.37,659951.0,6086.24539669,27.3785964,null,
2017-08-07,7984312.19573,3498,167328000.0,30.51,958877.0,7161.43343238,20.06570926,null,
2017-08-08,10901952.0794,4012,168415000.0,30.67,978874.0,6927.90842916,16.8828343,null,
2017-08-09,6941509.73493,3648,174444000.0,31.73,1420520.0,7764.70635736,17.35579759,null,
2017-08-10,5999362.85392,3029,162243000.0,29.47,862145.0,6631.1370709,14.9768894,null,
2017-08-11,4929771.03308,3207,155440000.0,28.2,1910380.0,6854.93186567,10.75860419,null,
2017-08-12,5166941.021,3394,147601000.0,26.74,1688200.0,6777.09019793,15.74402388,null,
2017-08-13,5526499.19307,3126,145710000.0,26.37,1232020.0,6806.28082332,14.47513038,null,
2017-08-14,5641264.80785,3530,140380000.0,25.37,1706170.0,7184.55471982,18.14270655,null,
2017-08-15,6517431.02789,3582,129238000.0,23.33,1976850.0,6921.93542834,19.98468142,null,
2017-08-16,6332702.47019,3400,166699000.0,30.05,1203980.0,7085.71121455,13.56427169,null,
2017-08-17,3653340.30716,2837,145531000.0,26.2,975883.0,5934.46377715,12.24385493,null,
2017-08-18,8625048.01112,3171,135614000.0,24.39,794764.0,7071.26040974,13.65345323,null,
2017-08-19,8659266.26402,3238,132181000.0,23.74,1297340.0,7244.67006557,14.41094336,null,
2017-08-20,5291578.50015,3125,151313000.0,27.14,976831.0,7167.59910742,12.4791205,null,
2017-08-21,4529582.33558,3147,146632000.0,26.27,934142.0,6382.43872135,15.96799369,null,
2017-08-22,4721177.45788,2915,153117000.0,27.4,1131900.0,6396.88952597,13.8984149,null,
2017-08-23,5842914.10991,3376,145282000.0,25.97,876055.0,7649.29259586,13.01625065,null,
2017-08-24,4951790.38764,3246,147963000.0,26.41,2852650.0,7225.40232604,13.36583299,null,
2017-08-25,5354425.11429,3085,174411000.0,31.09,1982100.0,6425.7911353,11.98802235,null,
2017-08-26,7021666.4378,3338,194536000.0,34.64,4209060.0,6300.55082832,13.89672696,null,
2017-08-27,17567109.0251,3727,215803000.0,38.39,3136050.0,7321.74102374,13.37869658,null,
2017-08-28,7949995.10122,3454,229128000.0,40.7,2252980.0,6994.18945162,13.57786124,null,
2017-08-29,9699335.16619,3495,223165000.0,39.59,2636660.0,7634.84179118,14.68313894,null,
2017-08-30,12971477.4774,2871,199655000.0,35.37,1773310.0,6247.5645446,12.67479998,null,
2017-08-31,142801282.097,2234,216516000.0,38.32,1380050.0,6772.61044692,10.18901421,null,
2017-09-01,127641474.54,2654,215536000.0,38.1,1876320.0,7548.13696327,9.86193275996,null,
2017-09-02,7467359.06801,2055,232566000.0,41.05,1128560.0,6632.91933529,9.39762039,null,
2017-09-03,8022834.29952,1975,205793000.0,36.29,646132.0,7268.75473996,8.01419298999,null,
2017-09-04,7505359.11392,2087,206928000.0,36.44,1541850.0,6854.49833996,14.00734205,null,
2017-09-05,7147037.04279,2492,183293000.0,32.24,1176300.0,8471.55768914,11.08907577,null,
2017-09-06,5210396.69957,1909,192361000.0,33.79,918098.0,5780.32186152,8.22003889,null,
2017-09-07,6693904.4805,2138,196639000.0,34.51,726765.0,7673.71111814,9.40302222001,null,
2017-09-08,12255421.2805,1828,193444000.0,33.9,1296220.0,6347.86171426,8.58235739,null,
2017-09-09,7173058.94164,1835,180165000.0,31.54,788176.0,6390.7848964,10.45590623,null,
2017-09-10,5331517.81706,1836,175700000.0,30.72,906475.0,6982.17096144,8.45687749,null,
2017-09-11,5378302.51451,1973,164109000.0,28.66,998634.0,6858.17065748,10.59868958,null,
2017-09-12,5574393.21795,2045,165834000.0,28.93,847669.0,7311.24869118,9.3646039,null,
2017-09-13,6071557.75352,1908,157889000.0,27.51,1649640.0,6529.09292774,9.12166791998,null,
2017-09-14,5359201.85531,1987,150699000.0,26.22,1921540.0,6614.93929202,9.28900941,null,
2017-09-15,4755557.03389,2347,138667000.0,24.1,2353720.0,7587.86475386,10.24446832,null,
2017-09-16,4923810.44292,1912,170410000.0,29.58,1029260.0,6438.477321,8.19763347001,null,
2017-09-17,5013128.99947,1639,178125000.0,30.89,706172.0,6581.5545948,10.28237651,null,
2017-09-18,9817235.24793,2046,170259000.0,29.49,1157730.0,6467.09277576,10.60153804,null,
2017-09-19,6196873.29014,2051,179257000.0,31.01,1782770.0,7025.09414358,10.30187107,null,
2017-09-20,8101323.85422,2847,187570000.0,32.41,5887380.0,7440.0182376,12.95080057,null,
2017-09-21,6809991.21419,2173,208604000.0,36.0,3104750.0,6648.32398924,9.35057651,null,
2017-09-22,5393362.24176,1863,185250000.0,31.93,1478070.0,6076.01489404,8.33350782,null,
2017-09-23,5017029.79995,1899,178795000.0,30.79,1658140.0,6896.32459716,9.75240564,null,
2017-09-24,6002765.74255,1963,216445000.0,37.23,1230700.0,7769.09596734,8.63128708999,null,
2017-09-25,4946476.99514,1806,196539000.0,33.76,1251560.0,6486.1697456,9.32613373,null,
2017-09-26,5270112.17006,1854,203777000.0,34.96,955503.0,6873.37556944,9.94346963001,null,
2017-09-27,4889603.45369,1790,196921000.0,33.74,1591530.0,6233.06935412,9.96042404,null,
2017-09-28,5967872.60247,1879,211480000.0,36.2,1082720.0,7002.75897893,10.65074842,null,
2017-09-29,4955507.79147,1872,202656000.0,34.65,636638.0,7323.8564911,6.09923064,null,
2017-09-30,4801111.70132,1638,200263000.0,34.2,577705.0,5789.19926376,3.20514218001,null,
2017-10-01,5941254.45968,2106,202154000.0,34.49,769357.0,7569.40164748,24.40578283,null,
2017-10-02,5239138.03537,1944,194309000.0,33.1,1346750.0,6511.66866618,8.71079902001,null,
2017-10-03,5773870.18411,1820,200443000.0,34.11,756207.0,6450.28237707,9.17018724996,null,
2017-10-04,4439635.98127,1756,185787000.0,31.58,583156.0,7026.36909012,7.31176109,null,
2017-10-05,4839208.38355,1669,181640000.0,30.84,535107.0,6412.50619917,7.1796419,null,
2017-10-06,4833432.3784,1839,178854000.0,30.34,579396.0,7149.1416683,6.70238636,null,
2017-10-07,4030253.28639,1632,181077000.0,30.68,450194.0,7125.53155712,6.55609323,null,
2017-10-08,4196114.65516,1566,176166000.0,29.81,890223.0,6247.23542084,10.41349333,null,
2017-10-09,3816564.02146,1697,162116000.0,27.4,1145220.0,6313.34373218,9.96337350001,null,
2017-10-10,8768114.16702,1883,156740000.0,26.46,855310.0,6804.43404492,9.57571504,null,
2017-10-11,3811318.42549,1639,164998000.0,27.83,530678.0,6643.88528884,7.89306426999,null,
2017-10-12,7161816.77354,2089,164484000.0,27.71,814095.0,7286.0803132,10.15240841,null,
2017-10-13,5068929.9761,1938,170806000.0,28.74,820954.0,6488.05855498,9.42636895,null,
2017-10-14,4277076.74536,1666,164193000.0,27.6,530962.0,6577.77697749,8.53861569001,null,
2017-10-15,4228241.97615,1752,168369000.0,28.27,430738.0,6398.34013245,10.56831468,null,
2017-10-16,4724153.46121,1870,165330000.0,27.73,509012.0,6870.54235627,8.72785884001,null,
2017-10-17,4168252.51238,1964,162532000.0,27.23,582969.0,7385.47654335,9.28115264999,null,
2017-10-18,5121213.03568,1816,171811000.0,28.74,515494.0,6596.80532378,10.36003117,null,
2017-10-19,4157663.0705,1822,164046000.0,27.41,296157.0,6147.97944774,7.16871976999,null,
2017-10-20,4565670.27103,2040,163937000.0,27.37,717252.0,7083.03335616,10.19860226,null,
2017-10-21,7981856.38676,1988,147917000.0,24.67,813369.0,6839.91933997,8.46340753003,null,
2017-10-22,12621561.7902,1697,149159000.0,24.84,399806.0,6493.94939389,11.48065915,null,
2017-10-23,76906470.9063,2266,157850000.0,26.26,599996.0,6797.84191412,9.6367936501,null,
2017-10-24,21408729.1635,1612,141305000.0,23.48,1110740.0,6475.2483157,9.87220778042,null,
2017-10-25,2429679.73766,1344,165660000.0,27.5,2207130.0,5946.94285749,8.78695838,null,
2017-10-26,3368711.23286,1573,209077000.0,34.68,1918150.0,7026.93012167,8.4637156,null,
2017-10-27,4310014.35633,1463,182148000.0,30.17,731325.0,6727.71287098,5.86475042,null,
2017-10-28,3496597.85875,1428,179462000.0,29.7,874341.0,7036.28066076,5.30692003,null,
2017-10-29,4483475.68421,1532,185115000.0,30.6,1562360.0,5675.77722411,15.41871751,null,
2017-10-30,9650136.40846,2002,177022000.0,29.23,725660.0,6035.77297889,8.69496895998,null,
2017-10-31,5239358.12547,1819,182804000.0,30.16,827355.0,7372.90006778,5.74199504,null,
2017-11-01,6649750.73731,1843,173173000.0,28.53,674856.0,6666.93436693,20.57692016,null,
2017-11-02,9392519.6791,1946,163871000.0,26.97,1047120.0,6550.05262837,8.64011962001,null,
2017-11-03,4120004.40815,1788,150680000.0,24.77,868381.0,5708.5041108,7.86421235,null,
2017-11-04,6378657.18981,2086,168366000.0,27.65,1261680.0,7349.52372007,6.81405712001,null,
2017-11-05,4821796.18768,1784,177812000.0,29.17,663890.0,6470.57304617,10.85916427,null,
2017-11-06,5554547.83345,1951,175152000.0,28.7,765875.0,7036.28066075,8.88749936999,null,
2017-11-07,6853270.99047,2049,175780000.0,28.77,719772.0,6428.07901212,9.40506969996,null,
2017-11-08,5171812.94675,1831,178933000.0,29.26,1376420.0,6202.83285701,9.21532835002,null,
2017-11-09,5751727.10908,2191,193102000.0,31.54,1319970.0,6975.87247431,10.10169155,null,
2017-11-10,8747302.18449,2232,203552000.0,33.21,1915030.0,7110.11288684,10.98146694,null,
2017-11-11,4993009.52773,1728,185105000.0,30.17,1123000.0,5545.51773335,8.41121413999,null,
2017-11-12,5517329.35213,2099,187209000.0,30.48,1481680.0,6188.94591777,9.29739585,null,
2017-11-13,8388573.84802,2259,181499000.0,29.52,1190620.0,7123.99982611,11.40836317,null,
2017-11-14,5028299.44852,1888,196289000.0,31.89,598313.0,6554.6353176,7.24217865,null,
2017-11-15,6419405.56785,2092,210956000.0,34.24,1392810.0,6471.3136822,8.50242028,null,
2017-11-16,6302626.70509,2119,211980000.0,34.37,930075.0,6985.13043376,8.79242535003,null,
2017-11-17,5795586.1202,1958,201045000.0,32.56,774417.0,6827.74512247,9.36665768,null,
2017-11-18,5579764.14101,1746,198149000.0,32.05,889428.0,5485.34099672,6.54327489999,null,
2017-11-19,6116923.21743,2026,219909000.0,35.54,1314670.0,6688.87573016,10.72165432,null,
2017-11-20,6848322.9581,1979,217053000.0,35.04,1003650.0,7267.49819814,11.2746843,null,
2017-11-21,7537930.00363,1803,208798000.0,33.67,1105250.0,5962.12591033,8.82745686001,null,
2017-11-22,6155230.70259,2130,211720000.0,34.11,2837990.0,7063.82308942,8.60558100001,null,
2017-11-23,7292384.51252,2114,250978000.0,40.39,5145980.0,6411.13694554,7.83381879999,null,
2017-11-24,7631585.27359,2200,269568000.0,43.34,7656400.0,6716.64960863,8.99469833999,null,
2017-11-25,9775728.93269,2035,297129000.0,47.71,5058140.0,6374.10510757,13.2951934501,null,
2017-11-26,11782931.0544,2739,309762000.0,49.69,16942800.0,6804.60022377,9.63085635,null,
2017-11-27,29647007.6597,3582,383774000.0,61.5,11913600.0,6448.16878341,10.28964735,null,
2017-11-28,13270721.7696,2692,366970000.0,58.74,7372390.0,6568.52225681,11.76928276,null,
2017-11-29,64936951.8283,2980,349196000.0,55.84,10574400.0,6474.15523468,11.68893565,null,
2017-11-30,32913951.9177,2298,311003000.0,49.68,9936510.0,6508.07053208,13.22520904,null,
2017-12-01,8896795.57201,1915,356206000.0,56.84,3625560.0,6879.30554129,8.85444429,null,
2017-12-02,19362054.5029,1870,364935000.0,58.17,3053320.0,6223.91533983,26.03002238,null,
2017-12-03,8184899.96113,1819,350282000.0,55.78,3757050.0,5944.34329584,8.70064304,null,
2017-12-04,10373256.1103,2096,340275000.0,54.14,2959120.0,7058.04832352,9.41710885,null,
2017-12-05,16594274.1406,2294,370074000.0,58.81,3611860.0,6489.73793905,8.94664058,null,
2017-12-06,13232352.7457,2268,353151000.0,56.06,5100420.0,6095.58718851,12.98747156,null,
2017-12-07,11354325.4774,2281,316535000.0,50.2,5119330.0,6402.65812205,10.46985151,null,
2017-12-08,18427893.8923,2239,316353000.0,50.12,5471720.0,6301.82886029,10.48508638,null,
2017-12-09,11415473.1601,1986,356309000.0,56.4,2095120.0,6443.90645642,7.27394419,null,
2017-12-10,10188123.6044,2068,339925000.0,53.75,4826340.0,6668.48072127,5.94718024,null,
2017-12-11,11149655.841,2037,355557000.0,56.16,2280320.0,6535.56942165,6.22291201,null,
2017-12-12,16565914.0529,2565,369218000.0,58.26,4423800.0,6741.81109342,17.05525099,null,
2017-12-13,17164975.9211,3203,461910000.0,72.81,7515370.0,7410.95073978,11.60412926,null,
2017-12-14,12920648.999,2257,466232000.0,73.4,3369950.0,5279.78679793,8.53531667001,null,
2017-12-15,23603857.113,2606,470097000.0,73.95,3811390.0,6466.82219774,10.56515376,null,
2017-12-16,15767250.8162,2681,451653000.0,70.98,6277910.0,6865.55609652,9.62955399,null,
2017-12-17,17167540.4568,2764,530861000.0,83.33,6839700.0,6792.22572433,12.78974204,null,
2017-12-18,14618347.318,2255,546632000.0,85.72,6894280.0,5293.53624265,7.48681696001,null,
2017-12-19,20840764.0406,2786,595268000.0,93.27,8885100.0,7603.44296678,11.03897366,null,
2017-12-20,15787300.4943,2604,589168000.0,92.2,6906580.0,6259.40070539,9.78169338999,null,
2017-12-21,23153393.3341,2748,613739000.0,95.96,7503270.0,5672.21319508,9.32013440001,null,
2017-12-22,19327392.1322,2266,600220000.0,93.76,5163150.0,6842.95799856,7.7617382,null,
2017-12-23,18721803.8838,2034,495610000.0,77.33,3755830.0,6343.80323741,14.80374673,null,
2017-12-24,19776381.2903,1906,561755000.0,87.57,4731560.0,7006.31773856,5.84486205,null,
2017-12-25,20399209.1961,1878,582760000.0,90.74,3238670.0,6076.07477458,4.97800301999,null,
2017-12-26,15518619.1531,2132,589418000.0,91.69,5635200.0,6543.46514182,5.61005726,null,
2017-12-27,16324159.2129,2427,607800000.0,94.46,4378580.0,6003.47044566,6.15364040999,null,
2017-12-28,22895141.3464,2297,617624000.0,95.89,3197220.0,6647.8338646,6.64250971,null,
2017-12-29,17255175.9347,2379,622322000.0,96.53,4725950.0,6924.63786852,6.15996491,null,
2017-12-30,43262648.8012,2254,638593000.0,98.94,4067150.0,6262.12336736,7.31115535,null,
2017-12-31,22343331.7633,1950,543063000.0,84.06,3204200.0,6275.73667905,6.93708240001,null,
2018-01-01,30218971.7963,1884,622804000.0,96.31,3794590.0,6271.19890849,7.15635091999,null,
2018-01-02,36499593.3206,2161,701308000.0,108.34,6666070.0,6856.57131019,8.01675145,null,
2018-01-03,56642451.0498,2070,696885000.0,107.55,6508350.0,6942.78895074,13.10645485,null,
2018-01-04,88347872.654,1964,695098000.0,107.16,5116920.0,6230.35897345,38.14279916,null,
2018-01-05,17272494.4856,1591,743643000.0,114.53,6006190.0,6520.77628905,5.52346088,null,
2018-01-06,18731872.4362,1691,728572000.0,112.09,3359940.0,6221.28343236,10.71242756,null,
2018-01-07,43210208.5045,2127,740164000.0,113.77,5956510.0,6829.34468688,16.69388485,null,
2018-01-08,31154195.3672,3011,727897000.0,111.77,5565010.0,6157.75464458,10.19837708,null,
2018-01-09,25169476.5839,2032,729859000.0,111.96,6454540.0,5985.31936344,8.61553521998,null,
2018-01-10,23639198.6244,2049,761937000.0,116.78,3557950.0,7534.45133164,9.39762080999,null,
2018-01-11,27740724.3384,2403,743886000.0,113.88,4731780.0,5818.2305661,8.71248514,null,
2018-01-12,24870770.3853,2194,672739000.0,102.89,3361030.0,5791.27351328,7.61418906002,null,
2018-01-13,24968052.6009,2447,765207000.0,116.94,4179010.0,7521.01773562,9.53467282,null,
2018-01-14,28202880.4468,2238,801910000.0,122.4,3883150.0,6155.19372629,8.33013815999,null,
2018-01-15,23905672.6553,2110,723840000.0,110.38,3211450.0,6936.94825791,7.97131694,null,
2018-01-16,28823761.5489,1773,688934000.0,104.95,5137380.0,5202.71119344,20.58217769,null,
2018-01-17,16601091.2818,2144,546118000.0,83.13,2774880.0,6712.30615112,6.90716892998,null,
2018-01-18,24522980.2492,2205,562874000.0,85.59,3014690.0,6865.06278376,11.07042542,null,
2018-01-19,17991684.6151,2284,543970000.0,82.63,10034400.0,6582.01372916,8.11882807,null,
2018-01-20,16789001.6806,1767,691758000.0,104.97,2699830.0,6640.42067689,2.16862924,null,
2018-01-21,21411350.9217,1620,782277000.0,118.59,1261630.0,6456.21414932,2.70395160999,null,
2018-01-22,17229448.6949,1527,674194000.0,102.11,1532190.0,6051.85835705,2.45134966,null,
2018-01-23,16583476.6587,1604,598622000.0,90.58,1098310.0,6379.83583303,3.86471705999,null,
2018-01-24,16579629.1679,1655,607251000.0,91.79,946761.0,6990.86236349,2.06608816002,null,
2018-01-25,17680815.0813,1863,640414000.0,96.7,1075030.0,6379.83583303,15.85398463,null,
2018-01-26,20948728.4832,2036,604873000.0,91.25,2048920.0,5598.08130138,29.54127891,null,
2018-01-27,23841833.4807,2100,602601000.0,90.83,1407310.0,7503.04636698,32.97086288,null,
2018-01-28,19290179.8334,1942,613974000.0,92.44,1520330.0,6083.30825208,13.71859049,null,
2018-01-29,16614201.2395,1841,619241000.0,93.15,4818180.0,5988.95856723,10.77117023,null,
2018-01-30,31283383.5687,2513,653214000.0,98.17,7570670.0,6901.00552077,23.37333779,null,
2018-01-31,28207321.1891,2829,598813000.0,89.9,4526180.0,6816.62015909,17.51587038,null,
2018-02-01,22028302.635,2323,652279000.0,97.83,2265020.0,6347.80765085,22.41519787,null,
2018-02-02,24502314.2855,2457,557808000.0,83.58,3148590.0,6530.1903514,26.92466587,null,
2018-02-03,21221747.9937,2237,534168000.0,79.96,1370310.0,6632.50259805,15.40267907,null,
2018-02-04,23911885.0367,2065,593827000.0,88.8,1309740.0,6556.8805027,14.34221001,null,
2018-02-05,15512658.8648,1989,489213000.0,73.08,1315890.0,5693.898944,12.78724307,null,
2018-02-06,14087497.7049,2079,395518000.0,59.04,2456810.0,6717.0214105,17.22393367,null,
2018-02-07,16931360.6717,2146,482685000.0,71.98,1017250.0,6881.61067685,24.15172751,null,
2018-02-08,16231574.51,1977,456585000.0,68.01,998346.0,6134.28644045,9.53973506001,null,
2018-02-09,18089798.3006,1967,494228000.0,73.55,1841070.0,5974.14553265,13.07514532,null,
2018-02-10,19950054.4165,1949,541484000.0,80.52,1344870.0,7037.3032261,12.3403162599,null,
2018-02-11,13161740.45,1856,517635000.0,76.89,633865.0,6258.84047985,13.82236955,null,
2018-02-12,12776692.4672,2031,466070000.0,69.17,927667.0,5934.1103057,11.92165803,null,
2018-02-13,16056723.7723,2086,523692000.0,77.65,930951.0,6681.4345421,10.1051398,null,
2018-02-14,13192770.3054,2098,493098000.0,73.04,888925.0,6810.43694005,10.85044887,null,
2018-02-15,15300099.7114,1972,549575000.0,81.32,1264440.0,6143.18315755,16.76675179,null,
2018-02-16,13823404.0814,1864,589279000.0,87.12,992508.0,6196.56346015,11.81579747,null,
2018-02-17,19108466.9207,1875,609368000.0,90.01,1790480.0,6370.0494436,12.69784082,null,
2018-02-18,17279290.3368,1739,656682000.0,96.9,1290070.0,6334.4625752,11.87234862,null,
2018-02-19,14325415.0049,1886,573613000.0,84.57,1142280.0,6503.5002001,7.81555844,null,
2018-02-20,14131608.6143,1878,599421000.0,88.29,1869820.0,5876.28164455,16.43396226,null,
2018-02-21,15456055.6975,1840,546976000.0,80.49,1335400.0,6552.43214415,10.27586573,null,
2018-02-22,13391967.8263,1710,508513000.0,74.76,809800.0,6851.08877109,9.92094847998,null,
2018-02-23,13067109.3906,1731,492533000.0,72.34,723820.0,6095.57250804,10.81408989,null,
2018-02-24,13105407.2841,1713,517955000.0,76.0,744244.0,6161.63723896,7.37458678,null,
2018-02-25,14192536.8888,1762,489310000.0,71.74,2970440.0,6091.16819265,13.45112407,null,
2018-02-26,18042200.2434,1774,492089000.0,72.08,904745.0,6218.89333914,7.10062877997,null,
2018-02-27,14254267.3541,1937,515474000.0,75.44,699347.0,6985.24421803,11.83906735,null,
2018-02-28,15269544.9342,1832,532293000.0,77.82,2436670.0,6042.72072329,3.95233741,null,
2018-03-01,20928513.397,1785,510536000.0,74.57,1298860.0,6016.29483091,39.84554963,null,
2018-03-02,14739989.1994,1818,540622000.0,78.9,1502120.0,6496.36520897,4.90606672,null,
2018-03-03,14383389.5881,1667,552892000.0,80.61,1137500.0,6139.615662,8.65255108,null,
2018-03-04,14067132.3496,1559,550953000.0,80.26,1230430.0,6029.50777708,8.41396054,null,
2018-03-05,16991767.9718,1699,555098000.0,80.79,1433830.0,6166.04155438,9.79846741998,null,
2018-03-06,16120739.5302,1787,562566000.0,81.8,907286.0,6610.87740936,6.82396114,null,
2018-03-07,22182419.1159,1581,501230000.0,72.81,1668380.0,6042.72072328,14.50790129,null,
2018-03-08,15859018.0293,1547,457780000.0,66.44,976633.0,6465.53500129,10.5050801,null,
2018-03-09,11670960.8741,1619,402729000.0,58.4,1061970.0,5941.42146918,11.97203797,null,
2018-03-10,12073337.4565,1849,423898000.0,61.41,616342.0,6804.66728679,12.55189346,null,
2018-03-11,11142138.1362,1613,419326000.0,60.69,770623.0,6210.08470834,7.79799207002,null,
2018-03-12,11990786.1363,1837,439016000.0,63.49,554842.0,7676.72173519,11.13437446,null,
2018-03-13,11083030.5084,1636,415265000.0,59.98,503090.0,6681.3464557,5.16946061,null,
2018-03-14,21081305.3644,1531,412908000.0,59.59,529811.0,5487.77698338,34.29519817,null,
2018-03-15,14752422.1217,1681,362766000.0,52.31,1949070.0,6571.54381954,7.07626464,null,
2018-03-16,15873257.9337,1635,388092000.0,55.91,613356.0,6445.12688515,4.78126732,null,
2018-03-17,11286820.0341,1493,377647000.0,54.35,434109.0,6235.81288618,1.05272358,null,
2018-03-18,8905323.99675,1560,336692000.0,48.41,705667.0,6152.95942825,1.36723470998,null,
2018-03-19,12841810.6927,1634,349350000.0,50.19,514038.0,6061.38455371,1.31064218999,null,
2018-03-20,8681797.82686,1534,368911000.0,52.95,465414.0,6161.68084487,1.21772183999,null,
2018-03-21,9624146.51752,1561,367042000.0,52.64,453314.0,6323.02705241,1.36331126999,null,
2018-03-22,14130487.3851,1656,362260000.0,51.91,418405.0,6527.98034309,1.61363186,null,
2018-03-23,7472706.4799,1463,353739000.0,50.64,579637.0,5799.74205498,1.71985980999,null,
2018-03-24,8239673.52436,1413,375576000.0,53.72,483691.0,6179.12367813,1.19940887001,null,
2018-03-25,11814532.2093,1568,356164000.0,50.9,437620.0,6214.00934461,1.71221969003,null,
2018-03-26,8129829.15115,1563,354055000.0,50.55,607113.0,6623.91592595,1.34925192001,null,
2018-03-27,9508543.08907,1492,337412000.0,48.13,303660.0,6235.81288619,1.26702417003,null,
2018-03-28,7382521.55473,1314,322322000.0,45.94,387453.0,5804.10276332,1.61023718,null,
2018-03-29,9046379.3755,1319,328939000.0,46.84,778691.0,5930.56330438,1.75789165,null,
2018-03-30,6991793.35952,1461,284340000.0,40.46,521679.0,6728.57292549,1.30690900999,null,
2018-03-31,8029732.697,1457,273158000.0,38.83,297747.0,6558.50530132,2.31224575998,null,
